nombre,marca,sku,precio,precio_online,bateria,ram,capacidad,sistema_operativo
"Smartphone XIAOMI Redmi Note 13 Pro+ 5G 6.67"" 12GB 512GB 200MP + 8MP + 2MP Blanco",XIAOMI,20393839,4,1849,"5,000mAh - 120W HyperCharge",12GB,512GB,Android
"Celular Honor 200 Lite 8GB RAM 256GB 6.7"" Starry Blue+Earbuds X5",HONOR,,4,1199,,8GB,256GB,
Infinix GT 20 Pro 5G 12Gb Ram 256Gb Rom Silver,INFINIX,,4,1399,5000 mAh,12GB,256GB,
"Smartphone MOTOROLA G34 6.5"" 8GB 256GB 50MP+2MP Negro Meteorito",MOTOROLA,20402226,4,649,5000 mAh,8GB,256GB,
Reacondicionado iPhone 13 256GB Medianoche,APPLE,,4,2649,,4GB,256GB,
Reacondicionado iPhone 14 128GB Rojo,APPLE,,4,2999,,6GB,128GB,
Celular ZTE BLADE A54 4GB RAM 128GB Gris,ZTE BLADE,,4,359,,4GB,128GB,
Celular Motorola Moto G54 8gb 256gb Negro,MOTOROLA,,4,1149,5000 mAh,8GB,256GB,Dispositivos Android
"Celular Redmi Note 13 6.67"" 8GB 256GB Midnight Black",XIAOMI,,4,849,5000 mAh,8GB,256GB,
iPhone 15 Pro Max 512GB (eSIM) - Black Titanium,APPLE,,4,6799,4441 mAh,8GB,512GB,
Reacondicionado iPhone 12 64GB Verde,APPLE,,4,1349,,4GB,64GB,
Smartphone ZTE Nubia Flip 8+256GB Dorado,ZTE,,4,2799,4310mAh,8GB,256GB,
Celular Xiaomi Redmi 13C Navy Blue 8GB RAM 256GB ROM,XIAOMI,,4,549,5000 mAh,8GB,256GB,Smartphones
Xiaomi Redmi Note 13 Pro Plus 5G 256GB 8GB Blanco,XIAOMI,,4,1845,,8GB,256GB,
Reacondicionado iPhone 13 256GB Rosa,APPLE,,4,2649,,4GB,256GB,
Celular Motorola Moto G04S 4+128GB Verde Aurora,MOTOROLA,,4,379,,4GB,128GB,
Honor X7A 128GB 6GB Ram Color Silver,HONOR,,4,699,6000 mAh,6GB,128GB,Dispositivos Android
Smartphone ZTE Nubia Focus Pro 8+256GB Negro,ZTE,,4,1199,5000mAh,8GB,256GB,
"Celular Honor 200 6.7"" 12GB RAM 256GB SSD Coral Pink",HONOR,,4,1899,,12GB,256GB,
Celular Xiaomi Redmi Note 13 Pro 6.67” 8GB 256GB Lavender Purple,XIAOMI,,4,1099,5000mAh / 67W wired charge (67W inbox),8 GB,,
"Smartphone ZTE Nubia Focus Pro 6.72"" 8GB 256GB 108MP + 5MP + 2MP Negro",ZTE,20426022,4,1099,5000 mAh,8GB,256GB,Smartphones
Reacondicionado iPhone 13 256GB Azul,APPLE,,4,2649,,4GB,256GB,
Apple IPhone 13 128gb Starlight,APPLE,,4,2729,3.227 mAh,4GB,128GB,Dispositivos Apple
Motorola Edge 50 Ultra 512gb 12gb Ram Naranja + Audifonos Inalambricos,MOTOROLA,,4,3449,4500 mAh,12GB,512GB,
"Smartphone MOTOROLA E14 6.6"" 2GB 64GB 13MP Gris",MOTOROLA,20425668,4,329,5000 mAh,2GB,64GB,Android
"Iphone 13 6.1"" 4GB 128GB Blanco Estelar",APPLE,20424343,4,2599,Batería de iones de litio recargable integrada,4GB,128GB,Dispositivos Apple
Samsung Galaxy S24 Plus 256gb 12gb Gris,SAMSUNG,,4,3899,4900 mAh,12GB,256GB,
Reacondicionado iPhone 13 Pro 128GB Oro,APPLE,,4,2899,,6GB,128GB,
"Smartphone ZTE Nubia Focus 6.6"" 6GB 256GB 108MP + 2MP Negro",ZTE,20426017,4,759,5000 mAh,6GB,256GB,Smartphones
Samsung Galaxy S24 Ultra 512Gb 12Gb Violet,SAMSUNG,,4,4589,5000mAh,12GB,512GB,
Reacondicionado Apple Iphone 11 128gb Negro,APPLE,,4,1499,3046mAh,4GB,128GB,Dispositivos Apple
Celular Samsung Galaxy A05s 6GB 128GB - Negro,SAMSUNG,,4,489,5000mAh,6GB,128GB,Dispositivos Android
Motorola Razr 50 512gb 12gb Ram Gris + Audifonos Inalambricos,MOTOROLA,,4,3399,"4,200 mAh",12GB,512GB,
Samsung Galaxy S23 Ultra 512gb 12ram Verde,SAMSUNG,,4,3839,5.000 mAh,12GB,512GB,
Xiaomi Redmi 13C 256GB 4GB Verde,XIAOMI,,4,625,5000 mAh,4GB,256GB,Dispositivos Android
Samsung A55 5G 256GB 8GB Lila,SAMSUNG,,4,1731,5000mAh,8GB,256GB,Dispositivos Android
Reacondicionado iPhone 12 Pro 256GB Oro,APPLE,,4,2099,,6GB,256GB,
Celular HONOR 200 Lite 8GB+256GB Starry Blue,HONOR,,4,1199,4500 mAh,8GB,256GB,Smartphones
Xiaomi Redmi Note 13 Pro Plus 5G 512Gb 12Gb Ram Negro,XIAOMI,,4,1729,5.000 mAh,12GB,512GB,
Galaxy A05S 6GB 128GB 50MP + 2MP + 2MP Black,SAMSUNG,,4,549,5000 mAh,6GB,128GB,Windows/Mac Os/Android Os.
Celular Infinix Hot 40 Pro 256GB 8GB Ram 108MP - Negro,INFINIX,,4,699,5000mAh,8GB,256GB,Dispositivos Android
Samsung Galaxy A55 256gb 8gb Ram Awesome Lilac,SAMSUNG,,4,1569,5000 mAh,12GB,512GB,Dispositivos Android
Xiaomi Poco C65 128GB Negro + Parlante Bluetooth,XIAOMI,,4,579,5000,6GB,128GB,Dispositivos Android
"Smartphone TCL 50 6.56"" 6GB 256GB 50MP + 5MP Space Gray",TCL,20426021,4,629,5010 mAh,6GB,256GB,Dispositivos Android
"Smartphone MOTOROLA G04S 6.6"" 4GB 128GB 50MP Negro Cósmico",MOTOROLA,20424460,4,379,5000 mAh,4GB,128GB,Android
Celular Motorola Moto G54 8gb 256gb Verde Menta,MOTOROLA,,4,1149,5000 mAh,8GB,256GB,Dispositivos Android
Celular Senior 4G ADVANCE HL2460 1.77 Pulgadas Radio FM Wireless Negro,ADVANCE,,4,"129,9",,32MB,128MB,Computadoras/Smartphone
"Smartwatch HUAWEI Watch FIT 3 Pink, 5 ATM, 10 días de batería",HUAWEI,,4,455,,,,
Redmi Note 13 Mint Green 8gb Ram 256gb Rom,XIAOMI,,4,1449,5000mAh,8GB,256GB,"Dispositivos Apple Y Android,Computadoras Y Similares"
Poco F6 512gb 12gb Verde,POCO,,4,1819,5000 mAh,12GB,512GB,
Reacondicionado iPhone 14 Pro 256GB Negro,APPLE,,4,3849,,6GB,256GB,
Samsung S24 Ultra 5G 256GB 12GB Violeta,SAMSUNG,,4,5263,5000mAh,12GB,256GB,Dispositivos Android
Reacondicionado iPhone 13 Pro 128GB Plata,APPLE,,4,2899,,6GB,128GB,
Xiaomi Redmi Note 13 Pro 4G 256GB Negro + Audifonos + Smartwatch,XIAOMI,,4,1199,5000,8GB,256GB,"Dispositivos Android,Smartphones"
"Smartphone HONOR 200 LITE 6.7"" 8GB 256GB 108MP + 5MP + 2MP Starry Blue",HONOR,20425673,4,1199,4500 mAh,8GB,256GB,Smartphones
Reacondicionado iPhone 12 256GB Negro,APPLE,,4,1999,,4GB,256GB,
"Iphone 13 6.1"" 4GB 128GB Medianoche",APPLE,20424338,4,2599,Batería de iones de litio recargable integrada,4GB,128GB,Dispositivos Apple
"Smartphone ZTE BLADE A73 6.6"" 4GB 256GB 50MP + 2MP Azul",ZTE,20422322,4,399,5000 mAh,4GB,256GB,Smartphones
"Smartphone ZTE Nubia Focus Pro 6.72"" 8GB 256GB 108MP + 5MP + 2MP Dorado",ZTE,20426029,4,1099,5000 mAh,8GB,256GB,Smartphones
Iphone 15 Pro Max 256Gb Titanium White Chip Fisico,APPLE,,4,5279,"4,422mAh",8GB,256GB,Smartphones
"Smartphone MOTOROLA Edge 50 Ultra 6.7"" 12GB 512GB 50MP+50MP+64MP Peach Fuzz + Buds",MOTOROLA,20424458,4,3299,4500 mAh,12GB,512GB,Android
Xiaomi Redmi Note 13 5G 6GB Ram 128GB Negro,XIAOMI,,4,989,5000 mAh,6GB,128GB,Dispositivos Android
"Smartphone XIAOMI Redmi Note 13 6.67"" 8GB 256GB 108MP + W8 + M2 Negro",XIAOMI,20393836,4,849,"5,000mAh",8GB,256GB,
Celular Samsung Galaxy A35 5G Negro 128GB 6GB de ram,SAMSUNG,,4,1299,5000 mAh,6GB,128GB,Automóvil
Reacondicionado iPhone 14 Pro 256GB Morado,APPLE,,4,3849,,6GB,256GB,
"Iphone 15 6.1"" 6GB 128GB Azul",APPLE,20424314,4,3699,Batería de iones de litio recargable integrada,6GB,128GB,Dispositivos Apple
Apple Iphone 13 128GB NEGRO,APPLE,,4,2549,3227 mAh,4GB,128GB,Dispositivos Apple
Xiaomi Redmi Note 13 256GB 8GB RAM Verde,XIAOMI,,4,849,5000,8GB,256GB,Dispositivos Android
Honor 90 256GB 8GB Ram Color Zafiro Real,HONOR,,4,1699,5000 mAh,8GB,256GB,Dispositivos Android
Reacondicionado iPhone 13 256GB Rojo,APPLE,,4,2649,,4GB,256GB,
"Smartphone VIVO Y03 6.64"" 4GB 128GB 13 MP + 8MP Negro",VIVO,20423999,4,409,5000 mAh,4GB,128GB,Dispositivos Android
Samsung Guru Music 2   Azul,SAMSUNG,,4,127,800mAh,32MB,32MB,
Motorola Edge 50 Fusion 256gb 8gb Ram Verde Azulado + Moto Buds,MOTOROLA,,4,1599,5000 mAh,8GB,256GB,
"Smartphone HONOR 200 Pro 6.78"" 12GB 512GB 50MP + 50MP + 12MP Negro",HONOR,20427283,4,3199,5200 mAh,12GB,512GB,Smartphones
HUAWEI Smartphone Nova 12s Blanco 8GB 256GB Dual Sim + FreeBuds Pro 2,HUAWEI,,4,1399,4500 mAh,256GB,8GB,No Aplica
Samsung A35 5G 256GB 8GB Navy,SAMSUNG,,4,1430,5000mAh,8GB,256GB,Dispositivos Android
Samsung Galaxy S24 Ultra 256Gb 12Gb Gris,SAMSUNG,,4,4149,5000mAh,12GB,256GB,
Xiaomi Poco F6 Pro 512gb 12gb Black,XIAOMI,,4,2199,5000 mAh,12GB,512GB,
Xiaomi - Redmi A3 3gb Ram 64gb Rom Star Blue,XIAOMI,,4,569,5000mAh,3GB,64GB,"Dispositivos Android,Computadoras Y Similares"
iPhone 15 Pro Max 512GB (eSIM) - Natural Titanium + Cargador 20w,APPLE,,4,6899,4441 mAh,8GB,512GB,
Celular Xiaomi Redmi 13C 8GB Ram 256GB Rom  Negro,XIAOMI,,4,589,5000 mAh,8GB,256GB,
Samsung Galaxy A35 5g 256gb 8gb Ram Awesome Iceblue,SAMSUNG,,4,1399,5000mAh,8GB,256GB,Dispositivos Android
Xiaomi Redmi Note 13 Pro 5G 256GB 8GB Verde Azulado,XIAOMI,,4,1373,5100mAh,8GB,256GB,Dispositivos Android
Samsung Galaxy S23 Fe 256gb 8gb Ram Grafito,SAMSUNG,,4,2349,4.500mAh,8GB,256GB,
Apple Iphone 15 128Gb Chip Fisico Pink,APPLE,,4,3269,3.349 mAh,6GB,128GB,Dispositivos Apple
"Smartphone SAMSUNG Galaxy A35 6.6"" 8GB 256GB 50MP + 8MP + 5MP Negro",SAMSUNG,20417744,4,1299,5000 | mAh,8GB,256GB,Android
"Celular Xiaomi Redmi 13C 6.74"" 8GB RAM 256GB Negro",XIAOMI,,4,599,5000mAh,,8GB,
Reacondicionado iPhone 14 Pro Max 128GB Negro,APPLE,,4,4199,,6GB,128GB,
Reacondicionado iPhone 11 256GB 4GB Rojo,APPLE,,4,1647,3110mAh,4GB,256GB,Dispositivos Apple
Reacondicionado iPhone 13 128GB Verde,APPLE,,4,2399,,4GB,128GB,
iPhone 15 128GB (Chip) - Pink + Cargador 20w,APPLE,,4,4300,3349 mAh,6GB,128GB,
Honor Magic 6 Lite 256gb 8gb Plata Titanio,HONOR,,4,1449,5800 mAh,8GB,256GB,
"Smartphone MOTOROLA Edge 50 Ultra 6.7"" 12GB 512GB 50MP+50MP+64MP Nordic Wood + Buds",MOTOROLA,20424452,4,3299,4500 mAh,12GB,512GB,Android
Smartphone Zte Blade A35 Core 2GB+32GB Gris,ZTE,,4,299,2000 mAh,2GB,32GB,
Samsung Galaxy S23 Ultra 256gb 12gb Lavanda,SAMSUNG,,4,3639,5.000 mAh,12GB,256GB,
Celular Samsung Galaxy A35 256GB - Negro,SAMSUNG,,4,1399,5000mAh,8GB,256GB,"Smartphones,Dispositivos Android"
Samsung Galaxy A55 256gb 8gb Ram Awesome Iceblue,SAMSUNG,,4,1549,5000 mAh,8GB,256GB,Dispositivos Android
"Smartphone HONOR X7B 6.8"" 8GB 256GB 108MP + 5MP + 2MP Flowing Silver",HONOR,20393900,4,749,5330mAh,8GB,256GB,Android
"Smartphone MOTOROLA G24 6.6"" 4GB 256GB 50MP+2MP Gris Acero",MOTOROLA,20402229,4,449,5000 mAh,4GB,256GB,
"Smartphone ZTE A54 6.6"" 4GB 128GB 13MP Lila",ZTE,20424326,4,359,5000 m Ah,4GB,128GB,Smartphones
Smartphone HONOR Magic 6 Lite 256GB 8GB Ram Color Esmerald Green,HONOR,20403001,4,1499,5800mAh,8GB,256GB,Android
Samsung Galaxy A55 5G 8gb Ram 256gb Azul Claro,SAMSUNG,,4,1399,5000 mAh,8GB,256GB,Dispositivos Android
Celular Motorola Moto Edge 50 Fusion 8GB+256GB Negro + Moto Buds,MOTOROLA,,4,1399,,8GB,256GB,
"Celular Samsung Galaxy A55 256GB SSD 8GB RAM SM-A556ELVQLTP 6.6"" Light Violet",SAMSUNG,,4,1699,5000 | mAh,8GB,256GB,
Smartphone ZTE Blade V60 Smart 4+256 Negro,ZTE,,4,379,5000mAh,4GB,256GB,
"Celular Samsung Galaxy A25 6.5"" 8GB 256GB Negro",SAMSUNG,,4,899,5000 mAh,8GB,256GB,
Reacondicionado iPhone 14 Pro Max 256GB Negro,APPLE,,4,4449,,6GB,256GB,
Celular Samsung Galaxy A35 5G 8gb Ram 256gb Azul Claro,SAMSUNG,,4,1289,5000 mAh,8GB,256GB,Dispositivos Android
Celular Flip 4g LandByte LT1448 1.77 Pulgadas Dual SIM Radio FM Azul,LANDBYTE,,4,"195,9",,32MB,128MB,Computadoras/Smartphone
Samsung Galaxy A35 5g 256gb 8gb Ram Awesome Lilac,SAMSUNG,,4,1399,5000mAh,8GB,256GB,Dispositivos Android
"Smartphone HONOR X6A 6.55"" 4GB 128GB 50MP + 2MP + 2MP Midnight Black",HONOR,20393907,4,449,5200mAh,4GB,128GB,Android
"Celular TCL 40SE T610E 6.75"" 6GB RAM 256GB Morado",TCL,,4,479,5010mAh,6GB,256GB,
Celular Samsung Galaxy S23 Ultra 5G 256GB Negro,SAMSUNG,,4,3399,5000 mAh,8GB,256GB,
Smartphone Honor Magic6 Lite 8GB+256GB Dual Sim Emerald Green,HONOR,,4,1399,5800mAh,8GB,256GB,
"Celular Samsung SM-A556E 6.6"" 8GB RAM 256GB SSD Black",SAMSUNG,,4,1699,,8GB,256GB,
Xiaomi Poco C65 128GB Negro + Audifonos + Smartwatch,XIAOMI,,4,599,5000,6GB,128GB,Dispositivos Android
Samsung Galaxy A55 256gb 8gb Ram Awesome Lemon,SAMSUNG,,4,1569,5000 mAh,12GB,512GB,Dispositivos Android
"Celular Oppo Reno 11F 256 GB SSD 8GB RAM 6.7"" Lila - Celular Oppo Reno 11F 256GB SSD 8GB RAM 6.7"" Lila",OPPO,,4,1299,5000 mAh,8GB,256GB,
Reacondicionado iPhone 12 128GB Azul,APPLE,,4,1799,,4GB,128GB,
"Smartphone HONOR 200 LITE 6.7"" 8GB 256GB 108MP + 5MP + 2MP Cyan Lake",HONOR,20425671,4,1199,4500 mAh,8GB,256GB,Smartphones
Reacondicionado iPhone 12 128GB Negro,APPLE,,4,1629,,4GB,128GB,
Celular Motorola Moto G04S 4GB RAM 128GB Naranja Amanecer,MOTOROLA,,4,379,,4GB,128GB,
Reacondicionado iPhone 14 128GB Amarillo,APPLE,,4,2999,,6GB,128GB,
Apple IPhone 13 128gb Midnight,APPLE,,4,2729,3.227 mAh,4GB,128GB,Dispositivos Apple
Motorola Razr 50 Ultra 512gb 12gb Ram Verde + Audifonos Inalambricos,MOTOROLA,,4,4099,4000mAh,12GB,512GB,
Xiaomi 14 Ultra 512 Gb - Negro,XIAOMI,,4,7999,5000 mAh,2GB,512GB,
Smartphone Samsung A15 5G 128GB 6GB Amarillo,SAMSUNG,,4,900,5000mAh,6GB,128GB,
Xiaomi Redmi Note 13 Pro 5G 512GB 12GB Negro,XIAOMI,,4,1644,5100mAh,12GB,512GB,Dispositivos Android
"Smartphone HONOR Magic 6 PRO 6.8"" 12GB 512GB 180MP + 50MP + 50MP Verde",HONOR,20425669,4,4999,5600 mAh,12GB,512GB,Smartphones
Reacondicionado iPhone 13 Pro 256GB Azul Sierra,APPLE,,4,3199,,6GB,256GB,
Masajeador XIAOMI Mijia Mini Fascia Gun Pink,XIAOMI,,4,305,,,,
Reacondicionado iPhone 13 128GB Rosa,APPLE,,4,2399,,4GB,128GB,
iPhone 15 Pro Max 512GB (eSIM) - Natural Titanium,APPLE,,4,6799,4441 mAh,8GB,512GB,
Xiaomi Redmi Note 13 Pro Plus 5G 512Gb 12Gb Aurora Purple,XIAOMI,,4,1729,5.000 mAh,12GB,512GB,
Motorola Edge 50 Ultra 512gb 12gb Ram Negro + Audifonos Inalambricos,MOTOROLA,,4,3499,4500 mAh,12GB,512GB,
Xiaomi Redmi 13C 4GB Ram 128GB Azul,XIAOMI,,4,509,5000 mAh,4GB,128GB,Dispositivos Android
Samsung Galaxy A55 256gb 8gb Ram Awesome Lilac,SAMSUNG,,4,1549,5000 mAh,8GB,256GB,Dispositivos Android
Xiaomi Redmi 13 256GB 8GB Negro,XIAOMI,,4,857,5030 mAh,8GB,256GB,Dispositivos Android
Smartphone TECNO Spark 20 Pro 8GB+256GB Negro - Smartphone TECNO Spark 20 pro 8GB + 256GB Negro,TECNO,,4,679,5000 mAh,256GB,8GB,
Reacondicionado iPhone 12 Mini 64GB 4GB Purpura,APPLE,,4,1713,2227mAh,4GB,64GB,Dispositivos Apple
iPhone 15 Pro 256GB (eSIM) - Natural Titanium,APPLE,,4,5779,3274 mAh,6GB,256GB,
iPhone 15 Pro C/CHIP 128GB 6GB Natural Titanio,APPLE,,4,5252,3650 mAh,6GB,128GB,Dispositivos Apple
"Smartphone MOTOROLA Edge 50 Fusion 6.7"" 8GB 256GB 50MP+13MP Azul Ártico + Buds",MOTOROLA,20424453,4,1399,5000 mAh,8GB,256GB,Android
Smartphone HONOR 200 Lite 8GB+256GB Negro Dual Sim,HONOR,,4,1099,4500mAh,8GB,256GB,
"Smartphone TCL 40 NXTPAPER 6.78"" 8GB 256GB 50MP+ 5MP + 2MP Azul + Protector + Lapiz",TCL,20391146,4,699,5011 mah,8GB,256GB,Android
Smartphone HONOR 200 Lite 8GB+256GB Cyan Lake Dual Sim,HONOR,,4,1099,4500mAh,8GB,256GB,
Samsung Galaxy A25 5G 256GB 8GB Ram Azul,SAMSUNG,,4,999,5000 mAh,8GB,256GB,Dispositivos Android
Reacondicionado Celular Apple iPhone 12 64GB Rojo,APPLE,,4,3409,2815 mAh,4GB,64GB,
Celular Xiaomi Redmi Note 13  8GB Ram 256GB Rom Midnight Black,XIAOMI,,4,795,5000 mAh,8GB,256GB,
"Iphone 15 6.1"" 6GB 128GB Verde",APPLE,20424328,4,3699,Batería de iones de litio recargable integrada,6GB,128GB,Dispositivos Apple
"Smartphone Samsung Galaxy A05 4GB RAM, 64 GB - Negro",SAMSUNG,,4,379,5000 mah,4GB,64GB,Dispositivos Android
Xiaomi Redmi Note 13 256GB Verde + Parlante Bluetooth,XIAOMI,,4,879,5000,8GB,256GB,Dispositivos Android
Reacondicionado iPhone 13 256GB Verde,APPLE,,4,2649,,4GB,256GB,
"Smartphone MOTOROLA G04 6.6"" 4GB 128GB 16MP Naranja Amanecer",MOTOROLA,20402228,4,349,5000 mAh,4GB,128GB,
Smartphone ZTE Nubia Flip 8+256GB Negro,ZTE,,4,2799,4310mAh,8GB,256GB,
Celular HONOR 200 Lite 8GB+256GB Cyan Lake,HONOR,,4,1199,4500 mAh,8GB,256GB,Smartphones
iPhone 15 Pro Max 1TB (eSIM) - Black Titanium,APPLE,,4,8639,4441 mAh,8GB,1TB,
Xiaomi Redmi Note 13 256GB Verde + Audifonos + Smartwatch,XIAOMI,,4,899,5000,8GB,256GB,Dispositivos Android
Reacondicionado Celular Apple iPhone 14 Pro Max 128GB Púrpura,APPLE,,4,8539,4323 mAh,6GB,128GB,
Reacondicionado Apple Iphone 13 256gb Negro,APPLE,,4,2599,3.227mAh,4GB,256GB,Dispositivos Apple
Smartphone Honor 200 12gb+256gb Dual Sim Esmerald Green,HONOR,,4,2099,5200mAh,12GB,256GB,
Reacondicionado iPhone 13 Pro Max 128GB 6GB Plata,APPLE,,4,3713,4352mAh,6GB,128GB,Dispositivos Apple
Reacondicionado iPhone 12 128GB Rojo,APPLE,,4,1629,,4GB,128GB,
Celular Samsung Galaxy A35 5G 6GB 128GB - Negro,SAMSUNG,,4,1199,5000mAh,6GB,128GB,"Dispositivos Android,Smartphones"
Samsung Galaxy S24 Ultra 512Gb 12Gb Yellow,SAMSUNG,,4,4589,5000mAh,12GB,512GB,
Samsung Galaxy S23 Ultra 512gb 12ram Crema,SAMSUNG,,4,3839,5.000 mAh,12GB,512GB,
Reacondicionado iPhone 12 Pro 128GB Oro,APPLE,,4,2099,,6GB,128GB,
iPhone 15 Pro Max 1TB (eSIM) - White Titanium,APPLE,,4,8639,4441 mAh,8GB,1TB,
Xiaomi Redmi Note 13 Pro Plus 5G 12GB Ram 512GB Blanco,XIAOMI,,4,1699,5000 mAh,12GB,512GB,Dispositivos Android
iPhone 15 Pro Max 1TB (eSIM) - Black Titanium + Cargador 20w,APPLE,,4,8739,4441 mAh,8GB,1TB,
"Iphone 15 Pro Max 6.7"" 6GB 256GB Natural",APPLE,20424316,4,5999,Batería de iones de litio recargable integrada,6GB,256GB,Dispositivos Apple
Reacondicionado iPhone 14 Pro 128GB Negro,APPLE,,4,3599,,6GB,128GB,
Samsung Galaxy S23 FE 8gb Ram 256gb Negro,SAMSUNG,,4,2299,4500 mAh,8GB,256GB,Dispositivos Android
Reacondicionado iPhone 14 c/CHIP 128GB 6GB Medianoche,APPLE,,4,2812,3279 mAh,6GB,128GB,Dispositivos Apple
"Smartphone MOTOROLA Edge 50 Fusion 6.7"" 8GB 256GB 50MP+13MP Rosa Fragola + Buds",MOTOROLA,20424456,4,1399,5000 mAh,8GB,256GB,Android
Motorola MOTO G04S 128GB 4GB Negro,MOTOROLA,,4,471,5000mAh,4GB,128GB,Dispositivos Android
Samsung A25 5G 128GB 6GB Negro,SAMSUNG,,4,955,5000mAh,6GB,128GB,Dispositivos Android
Celular Xiaomi Poco X6 PRO 5G Yellow 8GB RAM 256GB ROM,XIAOMI,,4,1399,5000mAh,8GB,256GB,Smartphones
Celular XIAOMI 12 PRO 5G Gray 12GB RAM 256GB ROM,XIAOMI,,4,2299,4.600 mAh,12GB,256GB,Smartphones
Apple Iphone 15 128Gb Chip Fisico Blue,APPLE,,4,3319,3.349 mAh,6GB,128GB,Dispositivos Apple
Motorola Edge 50 Fusion 256gb 8gb Ram Rosa Fragola + Moto Buds,MOTOROLA,,4,1599,5000 mAh,8GB,256GB,
Reacondicionado iPhone 12 Pro Max 128GB Azul Pacífico,APPLE,,4,2499,,6GB,128GB,
Smartphone Xiaomi Redmi Note 13 Pro 256Gb 8Gb Ram - Midnight Black,XIAOMI,,4,1499,5000mAh,8GB,256GB,
Infinix HOT 40i 128GB 4GB Negro,INFINIX,,4,493,5000mAh,4GB,128GB,Dispositivos Android
REACONDICIONADO | Samsung S21 FE 5G 128GB 6GB Verde,SAMSUNG,,4,1537,4500mAh,6GB,128GB,Dispositivos Android
Honor X7A 128GB 6GB Ram Color Azul,HONOR,,4,699,6000 mAh,6GB,128GB,Dispositivos Android
iPhone 15 Pro Max 256GB (eSIM) - White Titanium,APPLE,,4,6019,4441 mAh,8GB,256GB,
Reacondicionado iPhone 13 128GB Blanco,APPLE,,4,2399,,4GB,128GB,
"Smartphone MOTOROLA G04 6.6"" 4GB 128GB 16MP Negro Cosmico",MOTOROLA,20402224,4,349,5000 mAh,4GB,128GB,
"Smartphone MOTOROLA G04S 6.6"" 4GB 128GB 50MP Verde Aurora",MOTOROLA,20424455,4,379,5000 mAh,4GB,128GB,Android
Samsung Galaxy A15 4G 8gb Ram 256gb Azul,SAMSUNG,,4,799,5000 mAh,8GB,256GB,Dispositivos Android
Xiaomi Poco X6 Pro 256GB 8GB Ram Negro,XIAOMI,,4,1499,5000 mAh,8GB,256GB,Dispositivos Android
iPhone 15 Pro Max 1TB (eSIM) - Blue Titanium,APPLE,,4,8639,4441 mAh,8GB,1TB,
iPhone 15 Pro Max 512GB (eSIM) - White Titanium,APPLE,,4,6799,4441 mAh,8GB,512GB,
"Smartphone MOTOROLA G84 6.55"" 8GB 256GB 50MP+8MP Viva Magenta",MOTOROLA,20424445,4,949,5000 mAh,8GB,256GB,Android
Reacondicionado iPhone 12 256GB Verde,APPLE,,4,1999,,4GB,256GB,
Reacondicionado iPhone 14 Pro Max 256GB Oro,APPLE,,4,4449,,6GB,256GB,
Xiaomi Poco F6 Pro 512gb 12gb White,XIAOMI,,4,2199,Xiaomi,12GB,256GB,
Apple Iphone 14 128Gb Chip fisico Blue,APPLE,,4,2849,3.279 mAh,4GB,128GB,Dispositivos Apple
iPhone 15 Pro Max 512GB (eSIM) - Blue Titanium + Cargador 20w,APPLE,,4,6899,4441 mAh,8GB,512GB,
REACONDICIONADO | iPhone 13 128GB 4GB Negro - REACONDICIONADO| iPhone 13 128GB 4GB Negro,APPLE,,4,2581,3240mAh,4GB,128GB,Dispositivos Apple
"Smartphone SAMSUNG Galaxy A25 6.5"" 8GB 256GB 50MP + 8MP + 2MP Black",SAMSUNG,20394554,4,899,5000 mAh,8GB,256GB,Android
Celular Xiaomi Redmi Note 13 Midnight Black 8GB RAM 256GB ROM,XIAOMI,,4,789,5000 mAh,8GB,256GB,Smartphones
Reacondicionado iPhone 13 128GB 4GB Verde,APPLE,,4,2581,3.227mAh,4GB,128GB,Dispositivos Apple
"Celular TCL 40SE T610E 6.75"" 6GB RAM 256GB Gris",TCL,,4,479,5010mAh,6GB,256GB,
Reacondicionado iPhone 12 64GB Azul,APPLE,,4,1349,,4GB,64GB,
Samsung Galaxy S24 Ultra 512Gb 12Gb Black,SAMSUNG,,4,4589,5000mAh,12GB,512GB,
Samsung A55 5G 256GB 8GB Azul Marino,SAMSUNG,,4,1710,5000mAh,8GB,256GB,Dispositivos Android
Honor Magic 6 Lite 256gb 8gb Verde Esmeralda,HONOR,,4,1469,5800 mAh,8GB,256GB,
Celular HONOR 200 Lite 8GB+256GB Midnight Black,HONOR,,4,1199,4500 mAh,8GB,256GB,Smartphones
"Smartphone VIVO Y18 6.64"" 6GB 128GB 50MP + 0.08MP Black Burgundy",VIVO,20426364,4,549,5000 mAh,6GB,128GB,Dispositivos Android
"Smartphone ZTE A34 6.6"" 4GB 64GB 5MP Gris",ZTE,20421953,4,269,5000 m Ah,4GB,64GB,Smartphones
Celular Xiaomi Redmi Note 13 PRO Plus 5G Aurora Purple 12GB RAM 512GB ROM,XIAOMI,,4,1849,5000 mAh,12GB,512GB,Smartphones
"Celular Honor 200 6.7"" 12GB RAM 256GB SSD Emerald Green",HONOR,,4,1899,,12GB,256GB,
Motorola Moto G24 256GB 4GB Ram Gris,MOTOROLA,,4,599,5000 mAh,4GB,256GB,Dispositivos Android
Reacondicionado iPhone 12 128GB Morado,APPLE,,4,1629,,4GB,128GB,
Apple IPhone 13 128gb Blue,APPLE,,4,2729,3.227 mAh,4GB,128GB,Dispositivos Apple
"Smartphone HONOR X6A 6.55"" 4GB 128GB 50MP + 2MP + 2MP Stellar Silver",HONOR,20393901,4,449,5200mAh,4GB,128GB,Android
Xiaomi Redmi 13C 8GB Ram 256GB Negro,XIAOMI,,4,599,5000 mAh,8GB,256GB,Dispositivos Android
Apple Iphone 14 128Gb Chip fisico Purple,APPLE,,4,3099,3.279 mAh,4GB,128GB,Dispositivos Apple
Smartphone TECNO Spark 20  8GB+256GB Negro - Smartphone TECNO Spark 20 8GB+256GB Negro,TECNO,,4,549,5000 mAh,8GB,256GB,
Xiaomi Poco C65 128GB 6GB RAM Negro,XIAOMI,,4,549,5000,6GB,128GB,Dispositivos Android
Apple Iphone 15 128Gb Chip Fisico Black,APPLE,,4,3319,3.349 mAh,6GB,128GB,Dispositivos Apple
Xiaomi Redmi Note 13 Pro Plus 5G 256GB 8GB Negro,XIAOMI,,4,1845,5000mAh,8GB,256GB,Dispositivos Android
Reacondicionado iPhone 14 Pro Max 256GB Plata,APPLE,,4,4449,,6GB,256GB,
Celular Samsung Galaxy S22 Ultra 5G 128GB 8GB RAM Negro,SAMSUNG,,4,5819,5000 mAh,8GB,128GB,
iPhone 15 Pro Max 512GB (eSIM) - Black Titanium + Cargador 20w,APPLE,,4,6899,4441 mAh,8GB,512GB,
Xiaomi Poco X6 Pro 5G 512GB 12GB Gris,XIAOMI,,4,1757,5000mAh,12GB,512GB,
Smartphone Honor 200 12gb+256gb Dual Sim Coral Pink,HONOR,,4,2099,5200mAh,12GB,256GB,
Reacondicionado iPhone 13 Pro Max 256GB Grafito,APPLE,,4,3399,,6GB,256GB,
Celular Samsung Galaxy A15  8GB Ram 256GB Rom NEGRO,SAMSUNG,,4,699,5000 mAh,8GB,256GB,
Celular XIAOMI 12 PRO 5G Blue 12GB RAM 256GB ROM,XIAOMI,,4,2299,4.600 mAh,12GB,256GB,Smartphones
Xiaomi Redmi Note 13 Pro 8GB Ram 256GB Negro,XIAOMI,,4,999,5000 mAh,8GB,256GB,Dispositivos Android
Celular Xiaomi Redmi 13C Clover Green 8GB RAM 256GB ROM,XIAOMI,,4,549,5000 mAh,8GB,256GB,Smartphones
REACONDICIONADO | iPhone 12 64GB 4GB Verde - REACONDICIONADO| iPhone 12 64GB 4GB Verde,APPLE,,4,1823,2815mAh,4GB,64GB,Dispositivos Apple
Motorola Moto G04s 128GB 4GB Ram Negro,MOTOROLA,,4,549,5000 mAh,4GB,128GB,Dispositivos Android
Celular Infinix Hot 40i 4GB 128GB 50MP - Dorado,INFINIX,,4,479,5000mAh,4GB,128GB,
Celular Xiaomi Redmi A3 Star Blue 3GB Ram 64GB Rom,XIAOMI,,4,369,5000 mAh,3GB,64GB,
Celular Xiaomi Poco X6 PRO 5G Grey 8GB RAM 256GB ROM,XIAOMI,,4,1399,5000mAh,8GB,256GB,Smartphones
Smartphone HONOR Magic 6 Lite 256GB 8GB Ram Color Titanium Silver,HONOR,20403003,4,1499,5800mAh,8GB,256GB,Android
"Smartphone XIAOMI Redmi A3 6.5"" 3GB 64GB 5MP+2MP Midnight Black",XIAOMI,20403098,4,349,"5,000mAh",3GB,64GB,Android
Motorola Razr 50 Ultra 512gb 12gb Ram Azul Medianoche+ Audifonos Inalambricos,MOTOROLA,,4,4099,4000mAh,12GB,512GB,
Samsung S24 Ultra 5G 512GB 12GB Ram Negro Titanio,SAMSUNG,,4,4589,5000 mAh,12GB,512GB,Dispositivos Android
iPhone 15 Pro Max 1TB (eSIM) - Natural Titanium,APPLE,,4,8639,4441 mAh,8GB,1TB,
Celular Samsung Galaxy S24 ULTRA 5G 512GB 12GB RAM Gris,SAMSUNG,,4,4998,5000mAh,12GB,512GB,
"Smartphone ZTE A54 6.6"" 4GB 128GB 13MP Gris",ZTE,20395213,4,339,5000 m Ah,4GB,128GB,Smartphones
Reacondicionado iPhone 14 Pro Max 256GB Morado,APPLE,,4,4449,,6GB,256GB,
Samsung S23 Ultra 5G 512GB 12GB Ram Crema,SAMSUNG,,4,3849,5000 mAh,12GB,512GB,Dispositivos Android
Celular Samsung Galaxy S24 ULTRA 5G 512GB 12GB RAM Negro,SAMSUNG,,4,4599,5000mAh,12GB,512GB,
Xiaomi Redmi Note 13 Pro 4G 256GB Negro + Parlante Bluetooth,XIAOMI,,4,1179,5000,8GB,256GB,"Dispositivos Android,Smartphones"
Celular Apple Iphone 13 128GB Negro,APPLE,,4,2729,3.227 mAh,4GB,128MB,
Samsung Galaxy A35 5G 256gb 8gb Ram Awesome Navy,SAMSUNG,,4,1399,5000mAh,8GB,256GB,Dispositivos Android
Celular ZTE BLADE A34 2GB RAM 64GB Gris,ZTE BLADE,,4,269,,2GB,64GB,
Reacondicionado Celular Samsung Galaxy A52 5G 128GB Púrpura,SAMSUNG,,4,2369,4500 mAh,6GB,128GB,
"Celular Oppo Reno 11F 256GB SSD 8GB RAM 6.7"" Green",OPPO,,4,1299,5000 mAh,8GB,256GB,
Samsung Galaxy A35 5G 8gb Ram 256gb Azul Claro,SAMSUNG,,4,1289,5000 mAh,8GB,256GB,Dispositivos Android
Samsung Galaxy A55 8GB 256GB Violeta,SAMSUNG,,4,1649,5000 mAh,8GB,256GB,Dispositivos Android
Xiaomi Redmi Note 13 Pro Plus 5G 12GB Ram 512GB Purpura,XIAOMI,,4,1699,5000 mAh,12GB,512GB,Dispositivos Android
Celular Samsung Galaxy S22 Ultra 5G 256GB 12GB RAM Negro,SAMSUNG,,4,3599,5000 mAh,12GB,256GB,
Reacondicionado iPhone 12 Pro 256GB Plata,APPLE,,4,2099,,6GB,256GB,
Honor Magic 6 Lite 256GB 8GB Ram Color Verde,HONOR,,4,1489,5300 mAh,8GB,256GB,Dispositivos Android
Xiaomi Redmi A3 3GB Ram 64GB Negro,XIAOMI,,4,369,5000 mAh,3GB,64GB,Dispositivos Android
Reacondicionado iPhone 12 Pro Max 128GB Plata,APPLE,,4,2499,,6GB,128GB,
Xiaomi Redmi 13C 4GB Ram 256GB Negro,XIAOMI,,4,549,5000 mAh,4GB,256GB,Dispositivos Android
Samsung Galaxy S24 Ultra 256Gb 12Gb Yellow,SAMSUNG,,4,4149,5000mAh,12GB,256GB,
Samsung Galaxy A35 5G 256Gb 8Gb Ram Awesome Iceblue,SAMSUNG,,4,1399,5000mAh,8GB,256GB,Dispositivos Android
Reacondicionado iPhone SE 2020 64GB 3GB Blanco,APPLE,,4,878,1821mAh,3GB,64GB,Dispositivos Apple
Celular Honor 200 Pro 12GB RAM 512GB SSD Cyan,HONOR,,4,3199,,12GB,512GB,
Xiaomi Redmi Note 13 8GB Ram 256GB Azul,XIAOMI,,4,799,5000 mAh,8GB,256GB,Dispositivos Android
HUAWEI Smartphone Nova 12i 8GB+256GB Verde + Watch GT Cyber,HUAWEI,,4,889,4500 mAh,256GB,8GB,No Aplica
Reacondicionado iPhone 13 128GB Azul,APPLE,,4,2399,,4GB,128GB,
Honor X5 Plus 64GB 4GB Ram Negro,HONOR,,4,999,5200 mAh,4GB,64GB,Dispositivos Android
Xiaomi Redmi 13C 4GB Ram 128GB Verde,XIAOMI,,4,509,5000 mAh,4GB,128GB,Dispositivos Android
Celular Samsung Galaxy A55 5G 256GB 8GB RAM Azul,SAMSUNG,,4,1499,5000mAh,8GB,256GB,
Samsung Galaxy Z Fold 6 512Gb 12Gb Azul,SAMSUNG,,4,7999,4400 mAh,12GB,512GB,
"Celular Redmi Note 13 6.67"" 8GB 256GB Ice Blue",XIAOMI,,4,849,5000 mAh,8GB,256GB,
Motorola Edge 40 Neo 256gb 8gb Ram Negro,MOTOROLA,,4,1349,5000 mAh,8GB,256MB,Dispositivos Android
Reacondicionado Apple iPhone 13 Pro 5G 256 GB Azul,APPLE,,4,2999,3125 mAh,6GB,256GB,"Dispositivos Apple,Dispositivos Apple Y Android,Dispositivos Android"
Reacondicionado iPhone 12 Pro Max 128GB Oro,APPLE,,4,2499,,6GB,128GB,
"Celular Motorola Moto G24 6.6"" 4GB RAM 256 GB Lavanda",MOTOROLA,,4,449,"5,000 mAh",4GB,256GB,
Xiaomi Poco X6 Pro 512gb 12gb Ram Gris,XIAOMI,,4,1519,5.000 mAh,12GB,512GB,
REACONDICIONADO| Samsung S23 5G 256GB 8GB Negro - REACONDICIONADO | Samsung S23 5G 256GB 8GB Negro,SAMSUNG,,4,2471,3900 mAh,8GB,256GB,Dispositivos Android
"Smartphone MOTOROLA G04S 6.6"" 4GB 128GB 50MP Naranja Amanecer",MOTOROLA,20424457,4,379,5000 mAh,4GB,128GB,Android
Reacondicionado iPhone 13 Pro Max 128GB Grafito,APPLE,,4,3299,,6GB,128GB,
Xiaomi Redmi Note 13 Pro 4G 256GB 8GB RAM Negro,XIAOMI,,4,1149,5000,8GB,256GB,"Smartphones,Dispositivos Android"
Honor X8b 256GB 8GB Ram Azul - Honor X8b 256GB 8GB Ram Color Azul,HONOR,,4,979,4500 mAh,8GB,256GB,Dispositivos Android
Reacondicionado iPhone 13 Pro 256GB Grafito,APPLE,,4,3199,,6GB,256GB,
iPhone 15 Pro 256GB (eSIM) - White Titanium,APPLE,,4,5779,3274 mAh,8GB,256GB,
"Celular Honor X8B 6.7"" 8GB RAM 256GB Titanium Silver",HONOR,,4,899,4500 mAh,8GB,256GB,
"Smartphone SAMSUNG Galaxy A05S 6.7"" 6GB 128GB 50MP + 2MP + 2MP Black",SAMSUNG,20394553,4,499,5000 mAh,6GB,128GB,Android
Reacondicionado iPhone 14 128GB Blanco,APPLE,,4,2999,,6GB,128GB,
"Celular Motorola  Moto G34 6.5"" 8GB RAM 256GB Negro Meteorito",MOTOROLA,,4,649,"5,000 mAh",8GB,256GB,
Smartphone Zte Blade A35 Core 2GB+32GB Azul,ZTE,,4,299,2000mAh,2GB,32GB,
Xiaomi Redmi Note 13 5G 8GB Ram 256GB Negro,XIAOMI,,4,1049,5000 mAh,8GB,256GB,Dispositivos Android
Reacondicionado iPhone 13 Pro 256GB Plata,APPLE,,4,3199,,6GB,256GB,
Samsung S24 Ultra 5G 256GB 12GB Ram Negro Titanio,SAMSUNG,,4,4799,5000 mAh,12GB,256GB,Dispositivos Android
Pixel 8 256GB - Hazel,GOOGLE,,4,3199,4575 mAh,8GB,256GB,Dispositivos Android
"Smartphone MOTOROLA Edge 50 Fusion 6.7"" 8GB 256GB 50MP+13MP Verde Azulado + Buds",MOTOROLA,20424446,4,1399,5000 mAh,8GB,256GB,Android
"Smartphone SAMSUNG Galaxy A06 Plus 6.7"" 4GB 128GB 50MP + 2MP Negro",SAMSUNG,20427277,4,499,5000 | mAh,4GB,128GB,Android
Samsung Galaxy S23 Ultra 256gb 12gb Verde,SAMSUNG,-,4,3639,5.000 mAh,12GB,256GB,
iPhone 15 Pro Max 1TB (eSIM) - White Titanium + Cargador 20w,APPLE,,4,8739,4441 mAh,8GB,1TB,
Reacondicionado iPhone 12 Pro 128GB Grafito,APPLE,,4,2099,,6GB,128GB,
"Celular Redmi A3 6.71"" 3GB RAM 64GB Star Blue",XIAOMI,,4,349,5000 mAh,3GB,64GB,
Samsung A25 5G 128GB 6GB Azul,SAMSUNG,,4,955,5000mAh,6GB,128GB,Dispositivos Android
Honor X7b 256GB 8GB Ram Verde,HONOR,,4,799,6000 mAh,8GB,256GB,Dispositivos Android
"Smartphone HONOR X8B  6.7"" 8GB 256GB 108MP + 5MP + 2MP Cyan Lake",HONOR,20393902,4,899,4500mAh,8GB,256GB,Android
Reacondicionado iPhone 13 256GB 4GB Rojo,APPLE,,4,2658,3.227mAh,4GB,256GB,Dispositivos Apple
Reacondicionado iPhone 12 Pro Max 256GB Azul Pacífico,APPLE,,4,2699,,6GB,256GB,
Reacondicionado iPhone 12 Pro 256GB Grafito,APPLE,,4,2099,,6GB,256GB,
Celular Xiaomi Redmi Note 13 Mint Green 8GB RAM 256GB ROM,XIAOMI,,4,829,5000 mAh,8GB,256GB,Smartphones
Samsung Galaxy A25 5G 256GB 8GB Ram Negro,SAMSUNG,,4,1089,5000 mAh,8GB,256GB,Dispositivos Android
Celular Motorola Moto G84 8GB RAM 256GB Magenta eSIM,MOTOROLA,,4,949,,8GB,256GB,
Apple Iphone 14 128Gb Chip fisico Midnight,APPLE,,4,2849,3.279 mAh,4GB,128GB,Dispositivos Apple
Smartphone ZTE Blade V60 8+256GB Dorado,ZTE,,4,599,5000mAh,8GB,256GB,
Celular Xiaomi Redmi Note 13 Pro 200MP 256GB 8GB - Verde,XIAOMI,,4,989,5000mAh,8GB,256GB,
Reacondicionado Samsung S22 Plus 128GB 8GB Blanco,SAMSUNG,,4,1966,4500mAh,8GB,128GB,Dispositivos Android
Xiaomi Poco X6 Pro 512GB 12GB Ram Gris,XIAOMI,,4,1499,5000 mAh,12GB,512GB,Dispositivos Android
Samsung S23 Ultra 5G 512GB 12GB Ram Negro,SAMSUNG,,4,3849,5000 mAh,12GB,512GB,Dispositivos Android
Samsung Galaxy A55 128gb 8gb Ram Awesome Blue,SAMSUNG,,4,1449,5000 mAh,8GB,128GB,
Reacondicionado iPhone 13 256GB 4GB Blanco,APPLE,,4,2856,3240mAh,4GB,256GB,Dispositivos Apple
"Smartphone ZTE Nubia Neo II 6.72"" 8GB 256GB 50MP + 2MP Gris",ZTE,20426028,4,959,5200 mAh,8GB,256GB,Smartphones
"Celular Samsung SM-A356E 6.6"" 8GB RAM 256GB SSD Black",SAMSUNG,,4,1299,,8GB,256GB,
Smartphone ZTE Blade V60 8+256GB Negro,ZTE,,4,599,5000mAh,8GB,256GB,
Apple Iphone 13 128Gb 4Gb Ram Color Negro,APPLE,,4,2429,3.227 mAh,4GB,128GB,Dispositivos Apple
Xiaomi 12 256GB 12GB Purpura,XIAOMI,,4,1909,4500 mAh,12GB,256GB,Dispositivos Android
Reacondicionado iPhone 12 Pro Max 256GB Grafito,APPLE,,4,2699,,6GB,256GB,
Xiaomi Redmi A3 3GB Ram 64GB Azul,XIAOMI,,4,369,5000 mAh,3GB,64GB,Dispositivos Android
Apple Iphone 15 128Gb Chip Fisico Negro,APPLE,,4,3529,3.349 mAh,6GB,128GB,Dispositivos Apple
Smartphone Honor Magic6 Lite 8GB+256GB Dual Sim Titanium Silver,HONOR,,4,1399,5800mAh,8GB,256GB,
Xiaomi Redmi Note 13 Pro Plus 5G 512GB 12GB Ram Negro - Xiaomi Redmi Note 13 Pro Plus 5G 12GB Ram 512GB Negro,XIAOMI,,4,1699,5000 mAh,12GB,512GB,Dispositivos Android
Honor Magic 6 Lite 256GB 8GB Ram Color Naranja,HONOR,,4,1489,5300 mAh,8GB,256GB,Dispositivos Android
Celular Xiaomi Redmi Note 13 PRO Plus 5G Midnight Black 12GB RAM 512GB ROM,XIAOMI,,4,1849,5000 mAh,12GB,512GB,Smartphones
Xiaomi Redmi A3 3GB Ram 64GB Verde,XIAOMI,,4,369,5000 mAh,3GB,64GB,Dispositivos Android
Reacondicionado iPhone 12 Pro Max 128GB Grafito,APPLE,,4,2499,,6GB,128GB,
"Smartphone SAMSUNG Galaxy A06 6.7"" 4GB 64GB 50MP + 2MP Negro",SAMSUNG,20427280,4,399,5000 | mAh,4GB,64GB,Android
"Smartphone OPPO A38 6.55"" 4GB 128GB 50MP + 2MP Negro",OPPO,20389730,4,549,5000 mAh,4GB,128GB,Dispositivos Android
Samsung Galaxy A55 256gb 8gb Ram Awesome Iceblue,SAMSUNG,,4,1569,5000 mAh,12GB,512GB,Dispositivos Android
Reacondicionado iPhone 12 64GB Morado,APPLE,,4,1349,,4GB,64GB,
Motorola Moto G84 256GB 8GB Ram Negro,MOTOROLA,,4,1099,5000 mAh,8GB,256GB,Dispositivos Android
Samsung S23 Ultra 5G 512GB 12GB Ram Verde,SAMSUNG,,4,3849,5000 mAh,12GB,512GB,Dispositivos Android
Samsung S23 Ultra 5G 256GB 12GB Ram Verde,SAMSUNG,,4,3649,5000 mAh,12GB,256GB,Dispositivos Android
Xiaomi Poco X6 Pro 512gb 12gb Ram Negro,XIAOMI,,4,1519,5.000 mAh,12GB,512GB,
Xiaomi Redmi Note 13 Pro 5G 8GB Ram 256GB Negro,XIAOMI,,4,1299,5100 mAh,8GB,256GB,Dispositivos Android
Motorola Edge 50 Ultra 512gb 12gb Ram Beige + Audifonos Inalambricos,MOTOROLA,,4,3499,4500 mAh,12GB,512GB,
"Smartphone SAMSUNG Galaxy A15 6.5"" 8GB 256GB 50MP + 5MP + 2MP Blue Black",SAMSUNG,20394555,4,649,5000 mAh,8GB,256GB,Android
Xiaomi Poco F6 Pro 512gb 12gb Black,XIAOMI,,4,2229,5000 mAh,12GB,512GB,
Reacondicionado iPhone 14 Pro Max 128GB Morado,APPLE,,4,4199,,6GB,128GB,
iPhone 15 Pro Max 1TB (eSIM) - Blue Titanium + Cargador 20w,APPLE,,4,8739,4441 mAh,8GB,1TB,
Celular Samsung Galaxy A55 5G 256GB 8GB RAM Lila,SAMSUNG,,4,1469,5000mAh,8GB,256GB,
Smartphone Samsung Galaxy A05S Dual Sim SM-A057M 6GB RAM 128GB,SAMSUNG,,4,559,5000 mAh,6GB,128GB,Smartphones
Samsung Galaxy S20 Fe 128 Gb Cloud Navy 8 Gb Ram,SAMSUNG,,4,1950,si,8GB,128MB,Dispositivos Android
Reacondicionado iPhone 12 256GB Rojo,APPLE,,4,1999,,4GB,256GB,
Xiaomi Redmi A3 64GB 3GB Azul,XIAOMI,,4,402,5000 mAh,3GB,64GB,"Computadoras/Smartphone,Dispositivos Android"
"Smartphone OPPO A58 6.7"" 8GB 256GB 50MP + 2MP Negro",OPPO,20403094,4,699,5000 mAh,8GB,256GB,Dispositivos Android
iPhone 15 Pro Max 256GB (eSIM) - Natural Titanium,APPLE,,4,6019,4441 mAh,8GB,256GB,
Samsung A55 5G 256GB 8GB Amarillo,SAMSUNG,,4,1710,5000mAh,8GB,256GB,Dispositivos Android
Reacondicionado iPhone 14 Pro 256GB Oro,APPLE,,4,3849,,6GB,256GB,
"Iphone 11 6.1"" 4GB 64GB 12MP Blanco",APPLE,20416880,4,1899,-,4GB,64GB,Dispositivos Apple
"Smartphone TCL 40 NXTPAPER 6.78"" 8GB 256GB 50 MP+ 5 MP + 2MP Opalo + Protector + Lapiz",TCL,20391145,4,699,5012 mah,8GB,256GB,Android
Reacondicionado iPhone 13 Pro Max 128GB Azul Sierra,APPLE,,4,3299,,6GB,128GB,
Pixel 8 Pro 256GB - Bay,GOOGLE,,4,4599,5050 mAh,12GB,256GB,Dispositivos Android
"Smartphone HONOR 200 6.7"" 12GB 256GB 50MP + 50MP + 12MP Verde",HONOR,20427279,4,9999876,5200 mAh,12GB,256GB,Smartphones
Reacondicionado iPhone 13 Pro 128GB Azul Sierra,APPLE,,4,2899,,6GB,128GB,
Motorola G24 256GB 4GB Lavanda,MOTOROLA,,4,647,5000mAh,4GB,256GB,Dispositivos Android
Xiaomi Redmi 13C 4GB Ram 256GB Azul,XIAOMI,,4,599,5000 mAh,4GB,256GB,Dispositivos Android
Reacondicionado iPhone 12 Pro Max 256GB Plata,APPLE,,4,2699,,6GB,256GB,
Reacondicionado iPhone 13 128GB Medianoche,APPLE,,4,2399,,4GB,128GB,
Reacondicionado iPhone 13 256GB Blanco,APPLE,,4,2649,,4GB,256GB,
Pixel 8 128GB - Rose,GOOGLE,,4,2849,4575 mAh,8GB,128GB,Dispositivos Android
Tecno Spark 20 pro 256Gb 8+8Gb Ram Magic Skin Green,TECNO,,4,859,5000mAh,8GB,256GB,Dispositivos Android
"Iphone 15 Pro 6.1"" 6GB 128GB Negro",APPLE,20424327,4,4799,Batería de iones de litio recargable integrada,6GB,128GB,Dispositivos Apple
Honor X7A 128GB 6GB Ram Color Negro,HONOR,,4,699,6000 mAh,6GB,128GB,Dispositivos Android
"Smartphone XIAOMI Redmi 13C 6.72"" 8GB 256GB 50MP + Macro 2MP + QVGA Midnight Black",XIAOMI,20392765,4,599,5000 mAh,8GB,256GB,
"Smartphone MOTOROLA Edge 50 Ultra 6.7"" 12GB 512GB 50MP+50MP+64MP Negro + Buds",MOTOROLA,20424451,4,3299,4500 mAh,12GB,512GB,Android
Reacondicionado iPhone 12 Pro 256GB Azul Pacífico,APPLE,,4,2099,,6GB,256GB,
Reacondicionado iPhone 12 Pro 128GB Azul Pacífico,APPLE,,4,1949,,6GB,128GB,
"Celular Samsung Galaxy A35 256GB SSD 8GB RAM SM-A356ELVFLTP 6.6"" Light Violet",SAMSUNG,,4,1299,5000 | mAh,8GB,256GB,
"Celular ZTE V60 6.7"" 8GB RAM 256GB Light Gold",ZTE BLADE,,4,749,,8GB,256GB,
"Celular Motorola Moto G24 6.6"" 256GB  4GB RAM  50MP+2MP Lavanda - Celular Motorola Moto G24 6.6"" 256GB 4GB RAM 50MP+2MP Lavanda",MOTOROLA,,4,545,5000mAh,4GB,256GB,
Smartphone Motorola Moto G24 4GB + 256 GB - Gris,MOTOROLA,,4,519,5000 mAh,4GB,256GB,No Aplica
"Smartphone VIVO Y18 6.64"" 6GB 128GB 50 MP + 0.08MP Wave Aqua",VIVO,20425675,4,549,5000 mAh,6GB,128GB,Dispositivos Android
Celular Samsung Galaxy S24 ULTRA 5G 512GB 12GB RAM Violeta,SAMSUNG,,4,4599,5000mAh,12GB,512GB,
Motorola Moto G82 5G 128GB 6GB Ram Blanco,MOTOROLA,,4,899,5000 mAh,6GB,128GB,Dispositivos Android
Honor X5 Plus 64GB 4GB Ram Aquamarino,HONOR,,4,499,5200 mAh,4GB,64GB,Dispositivos Android
Reacondicionado iPhone 12 64GB Negro,APPLE,,4,1349,,4GB,64GB,
"Smartphone ZTE Blade V60 Smart 6.6"" 4GB 256GB 50MP Negro",ZTE,20426031,4,399,5000 mAh,4GB,256GB,Smartphones
Reacondicionado Samsung S23 FE 128GB 8GB Grafito,SAMSUNG,,4,2076,4500mAh,8GB,128GB,Dispositivos Android
"Smartphone XIAOMI Redmi Note 13 Pro 6.67"" 8GB 256GB 200MP + W8 + M2 Negro",XIAOMI,20393841,4,1099,"5,000mAh",8GB,256GB,
Samsung Galaxy A25 8GB 256GB Negro,SAMSUNG,,4,1049,5000 mAh,8GB,256GB,Dispositivos Android
Reacondicionado iPhone 14 128GB Negro,APPLE,,4,2999,,6GB,128GB,
Samsung S24 Ultra 5G 256GB 12GB Ram Amarillo Titanio,SAMSUNG,,4,4589,5000 mAh,12GB,256GB,Dispositivos Android
Celular Xiaomi Redmi Note 13 Pro 8GB Ram 256GB Rom Midnight Black,XIAOMI,,4,1029,5000 mAh,8GB,256GB,
Xiaomi 12 Lite 5G 6GB Ram 128GB Negro,XIAOMI,,4,1099,4300 mAh,6GB,128GB,Dispositivos Android
Tecno Spark 20 pro 256Gb 8+8Gb Ram Sunset Blush,TECNO,,4,859,5000mAh,8GB,256GB,Dispositivos Android
Motorola Razr 40 Ultra 512GB 12GB Naranja,MOTOROLA,,4,3471,3800 mAh,12GB,512GB,Dispositivos Android
iPhone 15 Pro Max 512GB (eSIM) - Blue Titanium,APPLE,,4,6799,4441 mAh,8GB,512GB,
Iphone 15 Pro Max 256Gb Titanium Blue chip Fisico,APPLE,,4,5199,"4,422mAh",8GB,256MB,Dispositivos Apple
REACONDICIONADO |Samsung S21 Plus 5G 128GB 8GB Plata - REACONDICIONADO | Samsung S21 Plus 5G 128GB 8GB Plata,SAMSUNG,,4,1702,4800mAh,8GB,128GB,Dispositivos Android
iPhone 15 Pro Max 256GB (eSIM) - Black Titanium,APPLE,,4,6019,4441 mAh,8GB,256GB,
iPhone 15 Pro Max 256GB (eSIM) - Natural Titanium + Cargador 20w,APPLE,,4,6119,4441 mAh,8GB,256GB,
REACONDICIONADO |Samsung S23 FE 128GB 8GB Grafito - REACONDICIONADO| Samsung S23 FE 128GB 8GB Grafito,SAMSUNG,,4,1966,,8GB,128GB,Dispositivos Android
"Smartphone TCL 505 6.75"" 4GB 128GB 50 MP +2 MP Space Gray",TCL,20426019,4,399,5010 mAh,4GB,128GB,Dispositivos Android
"Smartphone HONOR 200 Pro 6.78"" 12GB 512GB 50MP + 50MP + 12MP Cyan",HONOR,20427278,4,3199,5200 mAh,12GB,512GB,Smartphones
"Smartphone ZTE V50 Vita 6.7"" 4GB 256GB 50MP+2MP+2MP Azul",ZTE,20414145,4,439,5000 m Ah,4GB,256GB,Smartphones
Xiaomi 12 Pro 5G 12GB Ram 256GB Gris,XIAOMI,,4,2149,4600 mAh,12GB,256GB,Dispositivos Android
Xiaomi Poco F6 Pro 512GB 12GB Ram Blanco,XIAOMI,,4,2149,5000 mAh,12GB,512GB,Dispositivos Android
Reacondicionado iPhone 13 128GB Rojo,APPLE,,4,2399,,4GB,128GB,
Samsung S23 Ultra 5G 256GB 12GB Ram Lavender,SAMSUNG,,4,3849,5000 mAh,12GB,256GB,Dispositivos Android
iPhone 15 Pro Max 256GB (eSIM) - Black Titanium + Cargador 20w,APPLE,,4,6119,4441 mAh,8GB,256GB,
Xiaomi Redmi Note 13 4G 256GB 8GB RAM Azul,XIAOMI,,4,849,5000,8GB,256GB,"Dispositivos Android,Smartphones"
Apple Iphone 15 128Gb Chip Fisico Pink,APPLE,,4,3529,3.349 mAh,6GB,128GB,Dispositivos Apple
Samsung Galaxy S24 Ultra 256Gb 12Gb Negro,SAMSUNG,,4,4149,5000mAh,12GB,256GB,
Smartphone HONOR 200 Lite 8GB+256GB Starry Blue Dual Sim,HONOR,,4,1099,4500mAh,8GB,256GB,
Redmi Note 13 Pro 5g 12gb 512gb Blanco,XIAOMI,,4,2479,5000mAh,12GB,512GB,Dispositivos Android
Samsung Galaxy A05 4GB 64GB Negro,SAMSUNG,,4,449,5000 mAh,4GB,64GB,Dispositivos Android
"Smartphone HONOR X8B  6.7"" 8GB 256GB 108MP + 5MP + 2MP Titanium Silver",HONOR,20393899,4,899,4500mAh,8GB,256GB,Android
Pixel 8 Pro 512GB - Porcelain,GOOGLE,,4,4699,5050 mAh,12GB,512GB,Dispositivos Android
Samsung Galaxy A15 8GB 256GB Negro,SAMSUNG,,4,849,5000 mAh,8GB,256GB,Dispositivos Android
iPhone 15 Pro Max 1TB (eSIM) - Natural Titanium + Cargador 20w,APPLE,,4,8739,4441 mAh,8GB,1TB,
Samsung Galaxy A35 5G 256gb 8gb Ram Awesome Lilac,SAMSUNG,,4,1399,5000mAh,8GB,256GB,Dispositivos Android
Celular Infinix Hot 40i 4GB 128GB 50MP - Negro,INFINIX,,4,479,5000mAh,4GB,128GB,
Poco F6 512gb 12gb Titanium,POCO,,4,1819,5000 mAh,12GB,512GB,
Samsung Galaxy A35 5G 256gb 8gb Ram Awesome Lemon,SAMSUNG,,4,1399,5000mAh,8GB,256GB,Dispositivos Android
"Smartphone TCL 50 PRO NXTPAPER 6.78"" 8GB 512GB 108 MP + 8 MP + 2 MP Blanco C+P",TCL,20426030,4,1199,5010 mAh,8GB,512GB,Dispositivos Android
iPhone 15 Pro Max 256GB (eSIM) - Blue Titanium,APPLE,,4,6019,4441 mAh,8GB,256GB,
Xiaomi Redmi Note 13 256GB Azul + Audifonos + Smartwatch - Xiaomi Redmi Note 13 4G 256GB Azul + Audifonos + Smartwatch,XIAOMI,,4,899,5000,8GB,256GB,"Dispositivos Android,Smartphones"
Samsung Galaxy S24 Plus 256gb 12gb Black,SAMSUNG,,4,3899,4900 mAh,12GB,256GB,
Samsung Galaxy A35 5g 256gb 8gb Ram Awesome Navy,SAMSUNG,,4,1399,5000mAh,8GB,256GB,Dispositivos Android
Celular ZTE BLADE V50 Vita 4GB RAM 256GB Azul,ZTE BLADE,,4,499,,4GB,256GB,
Celular 4g LandByte LT1418 2.8 Pulgadas DualSIM RadioFM Camara Rojo,LANDBYTE,,4,"129,9",,32MB,128MB,Computadoras/Smartphone
Celular Xiaomi Redmi Note 13 Pro 5G 8GB Ram 256GB Rom Midnight Black,XIAOMI,,4,1279,5100 mAh,8GB,256GB,
Reacondicionado iPhone 12 64GB Rojo,APPLE,,4,1349,,4GB,64GB,
Xiaomi Redmi Note 13 Pro 256GB 8GB Purpura,XIAOMI,,4,1197,5000mAh,8GB,256GB,Dispositivos Android
Xiaomi Poco X6 5G 256GB 12GB Blanco,XIAOMI,,4,1318,5100mAh,12GB,256GB,Dispositivos Android
"Celular Honor 200 6.7"" 12GB RAM 256GB SSD Emerald Green + Eaburds X5",HONOR,,4,1899,,12GB,256GB,
Reacondicionado Apple iPhone 13 Pro 5G 128 GB Grafito,APPLE,,4,2899,3095 mAh,6GB,128GB,Dispositivos Apple Y Android
Samsung Galaxy S23 Ultra 512gb 12ram Lavanda,SAMSUNG,,4,3849,5.000 mAh,12GB,512GB,
Pixel 8 Pro 512GB - Bay,GOOGLE,,4,4699,5050 mAh,12GB,512GB,Dispositivos Android
REACONDICIONADO | iPhone 11 Pro Max 64GB 4GB Dorado,APPLE,,4,2069,3969mAh,4GB,64GB,Dispositivos Apple
Samsung Galaxy S23 Ultra 256gb 12gb Crema,SAMSUNG,,4,3639,5.000 mAh,12GB,256GB,
Xiaomi Poco F6 512GB 12GB Ram Verde,XIAOMI,,4,1899,5000 mAh,12GB,512GB,Dispositivos Android
Infinix GT 20 Pro 5G 12Gb Ram 256Gb Rom Orange,INFINIX,,4,1419,5000mAh,12GB,256GB,
Samsung Galaxy A15 4G 8gb Ram 256gb Negro,SAMSUNG,,4,799,5000 mAh,8GB,256GB,Dispositivos Android
Apple Iphone 15 128Gb Chip Fisico Green,APPLE,,4,3269,3.349 mAh,6GB,128GB,Dispositivos Apple
"Celular Samsung Galaxy A05s 6.7"" 6GB 128GB Negro",SAMSUNG,,4,549,5000 mAh,6GB,128GB,Windows/Mac Os/Android Os.
Celular ZTE V50 Design 6GB RAM 256GB Negro,ZTE,,4,599,,6GB,256GB,
Samsung A35 5G 256GB 8GB Amarillo,SAMSUNG,,4,1459,5000mAh,8GB,256GB,Dispositivos Android
"Celular Smartphone ZTE BLADE A3 2020 5.5"" 4GLTE 8MP Negro",ZTE BLADE,,4,249,2600 mAh,1.5GB,32GB,"Computadoras/Smartphone,Smartphones,Smartphones,Tablets,Reproductores Mp3,Etc.,Teléfonos,Smartphones/Reproductores Mp3,Smartphones/Gps/Otros,Dispositivos Android"
Samsung Galaxy A35 5G 8gb Ram 256gb Negro,SAMSUNG,,4,1299,5000 mAh,8GB,256GB,Dispositivos Android
"Celular Honor  X7B 6.8"" 8GB RAM 256GB  Verde",HONOR,,4,749,5330 mAh,8GB,256GB,
Celular Xiaomi Redmi Note 13 PRO Plus 5G Moonlight White 12GB RAM 512GB ROM,XIAOMI,,4,1849,5000 mAh,12GB,512GB,Smartphones
Samsung Galaxy A35 5G 8gb Ram 256gb Verde Lima,SAMSUNG,,4,2999,5000 mAh,8GB,256GB,Dispositivos Android
"Celular Xiaomi Redmi 13C 6.74"" 8GB RAM 256GB Azul",XIAOMI,,4,599,5000mAh,,8GB,
Samsung Galaxy A55 5G 256GB 8GB  Despacho Inmediato - NEGRO - Samsung Galaxy A55 5G 256GB 8GB Despacho Inmediato - NEGRO,SAMSUNG,,4,1499,5000 mAh,8GB,256GB,Dispositivos Android
"Smartphone MOTOROLA G24 6.6"" 4GB 256GB 50MP+2MP Lavanda",MOTOROLA,20402230,4,449,5000 mAh,4GB,256GB,
"Smartphone OPPO Reno 11 6.7"" 12GB 256GB 50MP + 32MP + 8MP Gris",OPPO,20412640,4,1799,5000 mAh,12GB,256GB,Dispositivos Android
"Smartphone TCL 50 SE 6.78"" 6GB 256GB 50 MP + 2MP Space Gray",TCL,20426026,4,599,5010 mAh,6GB,256GB,Dispositivos Android
Celular Samsung Galaxy S21 Ultra 5G 128GB Negro,SAMSUNG,,4,4129,5000 mAh,12GB,128GB,
Celular 4g LandByte LT1418 2.8 Pulgadas DualSIM RadioFM Camara Gris,LANDBYTE,,4,"129,9",,32MB,128MB,Computadoras/Smartphone
"Celular Honor X7B 6.8"" 8GB RAM 256GB Midnight Black",HONOR,,4,749,5330 mAh,8GB,256GB,
Samsung Galaxy A55 8GB 256GB Negro,SAMSUNG,,4,1649,5000 mAh,8GB,256GB,Dispositivos Android
Samsung A55 5G 256GB 8GB Azul,SAMSUNG,,4,1529,5000mAh,8GB,256GB,Dispositivos Android
Redmi Note 13 Midnight Black 8gb Ram 256gb Rom,XIAOMI,,4,1399,5000mAh,8GB,256GB,Dispositivos Android
"Smartphone TCL 50 PRO NXTPAPER 6.78"" 8GB 512GB 108 MP + 8 MP + 2 MP Gris C+P",TCL,20426015,4,1199,5010 mAh,8GB,512GB,Dispositivos Android
iPhone 15 Pro Max 256GB (eSIM) - Blue Titanium + Cargador 20w,APPLE,,4,6119,4441 mAh,8GB,256GB,
iPhone 15 Pro Max 256GB (eSIM) - White Titanium + Cargador 20w,APPLE,,4,6119,4441 mAh,8GB,256GB,
Smartphone Samsung Galaxy A15 SM-A155MN 8GB RAM 256GB,SAMSUNG,,4,729,5000 mAh,8GB,256GB,Smartphones
Reacondicionado iPhone 14 128GB Azul Claro,APPLE,,4,2999,,6GB,128GB,
Samsung Galaxy A05 4GB 64GB Negro,SAMSUNG,,4,479,5000 mAh,4GB,64GB,Dispositivos Android
Smartphone HONOR X6A Plus 6GB 256GB Starry Purple,HONOR,,4,699,5200,6GB,256GB,Smartphones
Xiaomi Poco X6 Pro 512gb 12gb Ram Amarillo,XIAOMI,,4,1519,5.000 mAh,12GB,512GB,
Samsung Galaxy A55 128gb 8gb Ram Awesome Navy,SAMSUNG,,4,1449,5000 mAh,8GB,128GB,
Celular 4g LandByte LT1418 2.8 Pulgadas DualSIM RadioFM Camara Negro,LANDBYTE,,4,"129,9",,32MB,128MB,Computadoras/Smartphone
Celular Samsung Galaxy S21 Ultra 5G 128GB Negro,SAMSUNG,,4,4129,5000 mAh,12GB,128GB,
Reacondicionado iPhone 12 Pro Max 256GB Oro,APPLE,,4,2699,,6GB,256GB,
Celular Infinix Hot 40i 4GB 128GB 50MP - Dorado,INFINIX,,4,429,5000mAh,4GB,128GB,Dispositivos Android
Samsung Galaxy A35 5G 8gb Ram 256gb Lila,SAMSUNG,,4,1289,5000 mAh,8GB,256GB,Dispositivos Android
Huawei Y9S 128GB 6GB Negro,HUAWEI,,4,691,4000mAh,6GB,128GB,Dispositivos Android
Smartphone Honor X8b 8GB+256GB Dual Sim Cyan Lake,HONOR,,4,829,4500 mAh,8GB,256GB,
Xiaomi Redmi 13 256GB 8GB Azul,XIAOMI,,4,857,5030 mAh,8GB,256GB,Dispositivos Android
"Smartphone ZTE BLADE A31 Plus 6"" 4GLTE Gris",ZTE BLADE,,4,269,3000 mAh,1.5GB,32GB,"Smartphones,Dispositivos Smartphones, Entre Otros,Dispositivos Apple Y Android,Dispositivos Android,Smartphones/Reproductores Mp3,Smartphones,Tablets,Reproductores Mp3,Etc."
Reacondicionado iPhone 14 Pro 128GB Oro,APPLE,,4,3599,,6GB,128GB,
Apple Iphone 14 128Gb Chip fisico Starlight,APPLE,,4,2849,3.279 mAh,4GB,128GB,Dispositivos Apple
Samsung S23 Ultra 5G 256GB 12GB Ram Crema,SAMSUNG,,4,3649,5000 mAh,12GB,256GB,Dispositivos Android
Samsung S24 Ultra 5G 512GB 12GB Ram Gris Titanio,SAMSUNG,,4,4589,5000 mAh,12GB,512GB,Dispositivos Android
Reacondicionado iPhone 12 256GB Morado,APPLE,,4,1999,,4GB,256GB,
iPhone 15 C/CHIP 128GB 6GB Rosado,APPLE,,4,3439,3.877 mAh,6GB,128GB,Dispositivos Apple
HUAWEI Smartphone Nova 12s Azul 8GB 256GB Dual Sim + FreeBuds Pro 2,HUAWEI,,4,1399,4500 mAh,256GB,8GB,No Aplica
"Celular TCL 40 NXTPAPER 6.78"" 8GB RAM 256GB Blanco",TCL,,4,699,5010mAh,8GB,256GB,
"Celular Honor 200 Lite 8GB RAM 256GB 6.7"" Starry Blue",HONOR,,4,1199,,8GB,256GB,
iPhone 15 Pro 128GB (eSIM) - Black Titanium + Cargador 20w,APPLE,,4,5729,3274 mAh,8GB,128GB,
Celular Xiaomi Redmi Note 13 PRO Midnight Black 8GB RAM 256GB ROM,XIAOMI,,4,1179,5000 mAh,8GB,256GB,Smartphones
"Celular ZTE Blade A54 6.7"" 4GB RAM 128GB 4FF Lila",ZTE BLADE,,4,359,,4GB,128GB,
"Celular Honor Magic 6 Pro 5G 12GBRAM 512GB 6.8"" Green",HONOR,,4,4999,,12GB,512GB,
"Smartphone HONOR X6A 6.55"" 4GB 128GB 50MP + 2MP + 2MP Cyan Lake",HONOR,20393906,4,449,5200mAh,4GB,128GB,Android
Reacondicionado iPhone 13 Pro Max 256GB Azul Sierra,APPLE,,4,3399,,6GB,256GB,
Honor X7b 256GB 8GB Ram Silver,HONOR,,4,799,6000 mAh,8GB,256GB,Dispositivos Android
Infinix HOT 40i 256GB 8GB Negro,INFINIX,,4,658,5000mAh,8GB,256GB,Dispositivos Android
"Smartphone MOTOROLA G34 6.5"" 8GB 256GB 50MP+2MP Verde Oceano",MOTOROLA,20402225,4,649,5000 mAh,8GB,256GB,
Xiaomi Redmi Note 13 Pro 5G 8GB Ram 256GB Azul,XIAOMI,,4,1299,5100 mAh,8GB,256GB,Dispositivos Android
Samsung S24 Ultra 5G 512GB 12GB Gris,SAMSUNG,,4,5713,5000mAh,12GB,512GB,Dispositivos Android
"Smartphone SAMSUNG Galaxy A55 6.6"" 8GB 256GB 50MP + 12MP + 5MP Negro",SAMSUNG,20417743,4,1699,5000 | mAh,8GB,256GB,Android
Celular Samsung Galaxy S22 Ultra 5G 256GB 12GB RAM Negro,SAMSUNG,,4,4999,5000 mAh,12GB,256GB,
Reacondicionado iPhone 12 256GB Azul,APPLE,,4,1999,,4GB,256GB,
HUAWEI Smartphone Nova 12i 8GB+256GB Negro + Watch GT Cyber,HUAWEI,,4,889,4500 mAh,256GB,8GB,No Aplica
"Smartphone MOTOROLA Edge 50 Pro 6.7"" 12GB 512GB 50MP+13MP+10MP Negro Eclipse + Buds",MOTOROLA,20424459,4,2299,4500 mAh,12GB,512GB,Android
Motorola Moto G34 5G 256GB 8GB Ram Negro,MOTOROLA,,4,799,5000 mAh,8GB,256GB,Dispositivos Android
Xiaomi Redmi Note 13 Pro 5G 256GB 8GB Negro,XIAOMI,,4,1373,5100mAh,8GB,256GB,Dispositivos Android
Poco F6 512gb 12gb Negro,POCO,,4,1819,5000 mAh,12GB,512GB,
"Smartphone MOTOROLA G34 6.5"" 8GB 256GB 50MP+2MP Negro Meteorito",MOTOROLA,,4,639,5000 mAh,8GB,256GB,Windows/Mac Os/Android Os.
"Smartphone ZTE Nubia Flip 6.9"" 8GB 256GB 50MP + 2MP Dorado",ZTE,20426025,4,2599,4310 mAh,8GB,256GB,Smartphones
"Smartphone XIAOMI Redmi A3 6.5"" 3GB 64GB 5MP+2MP Star Blue",XIAOMI,20403099,4,349,"5,000mAh",3GB,64GB,Android
Reacondicionado iPhone 13 Pro 128GB Grafito,APPLE,,4,2899,,6GB,128GB,
iPhone 15 Pro Max 512GB (eSIM) - White Titanium + Cargador 20w,APPLE,,4,6879,4441 mAh,8GB,512GB,
Celular Samsung Galaxy A55 5G 256GB 8GB RAM Negro,SAMSUNG,,4,1469,5000mAh,8GB,256GB,
Samsung Galaxy A35 5g 256gb 8gb Ram Awesome Lemon,SAMSUNG,,4,1399,5000mAh,8GB,256GB,Dispositivos Android
"Celular Samsung A05 6.7"" 64GB + 4GB Negro",SAMSUNG,,4,399,5000mAh,4GB,64GB,Smartphones
Reacondicionado Samsung S22 5G 128GB 8GB Purpura,SAMSUNG,,4,1823,3700mAh,8GB,128GB,Dispositivos Android
"Smartphone ZTE Blade V60 6.72"" 8GB 256GB 50MP + 2MP + 2MP Gris",ZTE,20426018,4,669,5000 mAh,8GB,256GB,Smartphones
Xiaomi Redmi Note 13 5G 6GB Ram 128GB Azul,XIAOMI,,4,989,5000 mAh,6GB,128GB,Dispositivos Android
iPhone 15 Pro 256GB (eSIM) - Blue Titanium + Cargador 20w,APPLE,,4,5879,3274 mAh,8GB,256GB,
Motorola Razr 50 Ultra 512gb 12gb Ram Naranja + Audifonos Inalambricos,MOTOROLA,,4,4099,4000mAh,12GB,512GB,
"Smartphone MOTOROLA G04 6.6"" 4GB 128GB 16MP Verde Aurora",MOTOROLA,20402227,4,349,5000 mAh,4GB,128GB,
"Celular TCL 40 NXTPAPER 6.78"" 8GB RAM 256GB Azul",TCL,,4,699,5010mAh,8GB,256GB,
Xiaomi Redmi Note 13 Pro Plus 5G 512Gb 12Gb Moonlight White,XIAOMI,,4,1729,5.000 mAh,12GB,512GB,
Motorola Moto E14 64GB 2GB Ram Color Gris,MOTOROLA,,4,449,5000 mAh,2GB,64GB,Dispositivos Android
REACONDICIONADO | iPhone 13 Pro 256GB 6GB Verde,APPLE,,4,3702,3095 mAh,6GB,256GB,Dispositivos Apple
Smartphone ZTE Nubia Focus Pro 8+256GB Dorado,ZTE,,4,1199,5000mAh,8GB,256GB,
"Smartphone SAMSUNG Galaxy S24 Ultra 6.8"" 12GB 512GB 200MP + 50MP + 12MP + 10MP Titanium Black",SAMSUNG,20394944,4,4999,5000 mAh,12GB,512GB,Android
Celular Samsung Galaxy A25 5G 256GB 8GB RAM Negro,SAMSUNG,,4,929,5000mAh,8GB,256GB,
Pixel 8 Pro 256GB - Obsidian,GOOGLE,,4,4499,5050 mAh,12GB,256GB,Dispositivos Android
Pixel 8 Pro 256GB - Porcelain,GOOGLE,,4,4599,5050 mAh,12GB,256GB,Dispositivos Android
"Iphone 15 6.1"" 6GB 128GB Negro",APPLE,20424315,4,3699,Batería de iones de litio recargable integrada,6GB,128GB,Dispositivos Apple
"Celular Honor 200 6.7"" Lite 8GB RAM 256GB SSD Cyan Lake",HONOR,,4,1199,,12GB,256GB,
Celular Honor 200 Pro 12GB RAM 512GB SSD Black,HONOR,,4,3199,,12GB,512GB,
Celular Apple Iphone 13 128GB Azul,APPLE,,4,2729,3.227 mAh,4GB,128GB,
"Smartphone HONOR 200 LITE 6.7"" 8GB 256GB 108MP + 5MP + 2MP Midnight Black",HONOR,20425676,4,1199,4500 mAh,8GB,256GB,Smartphones
Samsung Galaxy S24 Ultra 512Gb 12Gb Gris,SAMSUNG,,4,4589,5000mAh,12GB,512GB,
Reacondicionado iPhone 14 Pro Max 128GB Plata,APPLE,,4,4199,,6GB,128GB,
Reacondicionado iPhone X 256GB 3GB Negro,APPLE,,4,1175,2716mAh,3GB,256GB,Dispositivos Apple
Celular Motorola Moto Edge 50 Fusion 8GB+256GB Azul + Moto Buds,MOTOROLA,,4,1399,,8GB,256GB,
Xiaomi Poco X6 Pro 512GB 12GB Ram Negro,XIAOMI,,4,1399,5000 mAh,12GB,512GB,Dispositivos Android
Reacondicionado iPhone 12 64GB Blanco,APPLE,,4,1349,,4GB,64GB,
Samsung Galaxy S23 Ultra 256gb 12gb Negro,SAMSUNG,,4,3639,5.000 mAh,12GB,256GB,
Samsung A35 5G 256GB 8GB Violeta,SAMSUNG,,4,1430,5000mAh,8GB,256GB,Computadoras/Smartphone
Reacondicionado iPhone 12 128GB Verde,APPLE,,4,1629,,4GB,128GB,
Reacondicionado iPhone 12 Pro 128GB Plata,APPLE,,4,1949,,6GB,128GB,
Apple IPhone 13 128gb Green,APPLE,,4,2729,3.227 mAh,4GB,128GB,Dispositivos Apple
Motorola Razr 50 512gb 12gb Ram Naranja + Audifonos Inalambricos,MOTOROLA,,4,3399,"4,200 mAh",12GB,512GB,
Pixel 8 Pro 512GB - Obsidian,GOOGLE,,4,4699,5050 mAh,12GB,512GB,Dispositivos Android
REACONDICIONADO| Samsung S23 5G 128GB 8GB Crema - REACONDICIONADO|Samsung S23 5G 128GB 8GB Crema,SAMSUNG,,4,2471,3900 mAh,8GB,128GB,Dispositivos Android
"Smartphone HONOR X7B 6.8"" 8GB 256GB 108MP + 5MP + 2MP Midnight Black",HONOR,20393903,4,749,5330mAh,8GB,256GB,Android
Apple Iphone 13 128Gb 4Gb Ram Azul,APPLE,,4,2429,3.227 mAh,4GB,128GB,Dispositivos Apple
Reacondicionado Celular Samsung Galaxy A52 5G 128GB Púrpura,SAMSUNG,,4,2369,4500 mAh,6GB,128GB,
Reacondicionado Samsung S22 Ultra 128GB 8GB Blanco,SAMSUNG,,4,2999,5000mAh,8GB,128GB,Dispositivos Android
Motorola Edge 50 Fusion 256gb 8gb Ram Azul Artico+ Moto Buds,MOTOROLA,,4,1599,5000 mAh,8GB,256GB,
Xiaomi Poco F5 Pro 512gb 12gb Ram White,XIAOMI,,4,3519,5.160mAh,12GB,512GB,Dispositivos Android
Teléfono Celular Básico Resistente a Caídas para adulto mayor,GENÉRICO,-,4,169,5000,Otros Ram,32MB,
Reacondicionado iPhone 14 Pro Max 128GB Oro,APPLE,,4,4199,,6GB,128GB,
Honor X8b 256GB 8GB Ram Negro - Honor X8b 256GB 8GB Ram Color Negro,HONOR,,4,979,4500 mAh,8GB,256GB,Dispositivos Android
Samsung Galaxy S24 Ultra 256Gb 12Gb Violet,SAMSUNG,,4,4149,5000mAh,12GB,256GB,
Poco F6 256gb 8gb Verde,XIAOMI,,4,1699,5000 mAh,8GB,256GB,
Reacondicionado iPhone 13 Pro Max 256GB Plata,APPLE,,4,3399,,6GB,256GB,
Reacondicionado iPhone 12 128GB Blanco,APPLE,,4,1629,,4GB,128GB,
Reacondicionado iPhone 12 256GB Blanco,APPLE,,4,1999,,4GB,256GB,
Samsung Galaxy A05s 6GB Ram 128GB Negro,SAMSUNG,,4,599,5000 mAh,6GB,128GB,Dispositivos Android
Samsung S23 Ultra 5G 512GB 12GB Ram Lavender,SAMSUNG,,4,3849,5000 mAh,12GB,512GB,Dispositivos Android
Samsung A35 5G 256GB 8GB Azul Hielo,SAMSUNG,,4,1433,5000mAh,8GB,256GB,Dispositivos Android
Celular Motorola Moto Edge 50 Fusion 8GB+256GB Rosado + Moto Buds,MOTOROLA,,4,1399,,8GB,256GB,
Reacondicionado iPhone 14 Pro 128GB Plata,APPLE,,4,3599,,6GB,128GB,
"Smartphone MOTOROLA G84 6.55"" 8GB 256GB 50MP+8MP Negro Espacial",MOTOROLA,20424449,4,949,5000 mAh,8GB,256GB,Android
Honor X8b 256GB 8GB Ram Color Silver,HONOR,,4,979,4500 mAh,8GB,256GB,Dispositivos Android
Samsung Galaxy A55 5G 8gb Ram 256gb Negro,SAMSUNG,,4,1469,5000 mAh,8GB,256GB,Dispositivos Android
"Celular ZTE V60 Z2356 6.7"" 8GB RAM 256GB DS Negro",ZTE BLADE,,4,749,,8GB,256GB,
Xiaomi Redmi 13C 8GB Ram 256GB Verde,XIAOMI,,4,649,5000 mAh,8GB,256GB,Dispositivos Android
"Celular Samsung A05s 6.7"" 128GB + 6GB Negro",SAMSUNG,,4,549,5000 mAh,6GB,128GB,
Xiaomi Redmi 13C 4GB Ram 128GB Negro,XIAOMI,,4,509,5000 mAh,4GB,128GB,Dispositivos Android
Xiaomi Redmi A3 64GB 3GB Negro,XIAOMI,,4,402,5000 mAh,3GB,64GB,Computadoras/Smartphone
Celular Flip 4g LandByte LT1448 1.77 Pulgadas Dual SIM Radio FM Rojo,LANDBYTE,,4,"195,9",,32MB,128MB,Computadoras/Smartphone
"Smartphone OPPO A58 6.7"" 8GB 256GB 50MP + 2MP Verde",OPPO,20403093,4,699,5000 mAh,8GB,256GB,Dispositivos Android
Samsung Galaxy S23 Ultra 256gb 12gb Verde,SAMSUNG,,4,3639,5.000 mAh,12GB,256GB,
Xiaomi Redmi Note 13 8GB Ram 256GB Negro,XIAOMI,,4,799,5000 mAh,8GB,256GB,Dispositivos Android
Celular Apple Iphone 11 4gb 64gb Negro,APPLE,,4,2499,3110 mAh,4GB,64GB,Dispositivos Apple
Celular Samsung Galaxy A55 5G 256GB 8GB RAM Verde,SAMSUNG,,4,1499,5000mAh,8GB,256GB,
Redmi Note 13 Pro Forest Green 8gb Ram 256gb Rom,XIAOMI,,4,1819,5000mAh,8GB,256GB,Dispositivos Android
Xiaomi Redmi Note 13 4G 256GB Azul + Parlante Bluetooth,XIAOMI,,4,879,5000,8GB,256GB,"Dispositivos Android,Smartphones"
iPhone 15 Pro 128GB (eSIM) - Natural Titanium + Cargador 20w,APPLE,,4,5729,3274 mAh,8GB,128GB,
Celular Motorola Moto G04S 4+128GB Negro Cosmico,MOTOROLA,,4,379,,4GB,128GB,
Reacondicionado iPhone 12 256GB 4GB Purpura,APPLE,,4,2043,2815mAh,4GB,256GB,Dispositivos Apple
Celular Samsung Galaxy A25 5G 8GB Ram 256GB Rom NEGRO,SAMSUNG,,4,889,5000 mAh,8GB,256GB,
Reacondicionado iPhone 13 Pro Max 256GB Oro,APPLE,,4,3399,,6GB,256GB,
Reacondicionado iPhone 14 Pro 256GB Plata,APPLE,,4,3849,,6GB,256GB,
REACONDICIONADO | Samsung S9 64GB 4GB Negro - REACONDICIONADO| Samsung S9 64GB 4GB Negro,SAMSUNG,,4,737,3000mAh,4GB,64GB,Dispositivos Android
Samsung S24 Ultra 5G 512GB 12GB Ram Violeta Titanio,SAMSUNG,,4,4899,5000 mAh,12GB,512GB,Dispositivos Android
Infinix Note 40 Pro 4g 256gb 8+8 Gb Dorado,INFINIX,,4,1199,"4,600 mAh",8GB,256GB,
"Smartphone TCL 505 6.75"" 4GB 128GB 50 MP +2 MP Ocean Blue",TCL,20426023,4,399,5010 mAh,4GB,128GB,Dispositivos Android
Reacondicionado iPhone 14 Pro 128GB Morado,APPLE,,4,3599,,6GB,128GB,
Samsung Galaxy A55 256gb 8gb Ram Awesome Navy,SAMSUNG,,4,1569,5000 mAh,12GB,512GB,Dispositivos Android
Celular Motorola Moto G84 8GB RAM 256GB Negro eSIM,MOTOROLA,,4,949,,8GB,256GB,
Samsung Galaxy S24 Plus 256gb 12gb Violet,SAMSUNG,,4,3699,4900 mAh,12GB,256GB,
Samsung S23 Ultra 5G 256GB 12GB Ram Negro,SAMSUNG,,4,3649,5000 mAh,12GB,256GB,Dispositivos Android
Reacondicionado iPhone 13 Pro 256GB Oro,APPLE,,4,3199,,6GB,256GB,
